"ID","Name","Source URL","Evidence","Enabled","Status","Raw events","Manual review","Errors / limitation","Checked at"
"ktm-001","Alliance Francaise de Katmandou","https://www.alliancefrancaise.org.np/contact-us/","Official website","false","partial","0","0","Page limit 15 reached; coverage is partial","2026-09-11T17:19:18.700Z"
"ktm-002","Goethe-Zentrum Kathmandu","https://www.goethe-kathmandu.edu.np/contact-us/","Official website","false","unsupported","0","0","No supported dated event feed identified in bounded public-page inspection; manual follow-up needed.","2026-09-11T17:19:18.700Z"
"ktm-003","International Ethnic Folklore Festival Nepal","https://ieffnepal.com/","Official website","true","parsed","2","0","Validated profile; see source audit and per-run coverage for dates, errors and review requirements.","2026-09-11T17:58:32.690Z"
"ktm-004","Nepal Academy of Music & Drama","https://namuda.gov.np/contact","Official website","false","failed","0","0","fetch failed | fetch failed","2026-09-11T17:19:18.700Z"
"ktm-005","photo.circle / Photo Kathmandu","https://photocircle.com.np/about/contact/","Official website","false","partial","0","0","Page limit 15 reached; coverage is partial","2026-09-11T17:19:18.700Z"
"ktm-006","Association for Craft Producers","https://www.acp.org.np/categories/ceramic","Official website","false","unsupported","0","0","No supported dated event feed identified in bounded public-page inspection; manual follow-up needed.","2026-09-11T17:19:18.700Z"
"ktm-007","Central Fashion School","https://www.centralfashionschool.com/CourseDetails?CourseId=62","Official website","false","failed","0","0","fetch failed | fetch failed","2026-09-11T17:19:18.700Z"
"ktm-008","Hatti Hatti","https://hattihatti.org.np/about/","Official website","false","unsupported","0","0","No supported dated event feed identified in bounded public-page inspection; manual follow-up needed.","2026-09-11T17:19:18.700Z"
"ktm-009","Impact Hub Kathmandu","https://kathmandu.impacthub.net/","Official website","true","parsed","1","0","Validated profile; see source audit and per-run coverage for dates, errors and review requirements.","2026-09-11T17:58:32.690Z"
"ktm-010","Local Women's Handicrafts","https://wanderlog.com/place/details/107422","Directory listing","false","reference-only","0","0","No supported dated event feed identified in bounded public-page inspection; manual follow-up needed.","2026-09-11T17:19:18.700Z"
"ktm-011","Newa Craft Leather Works","https://newacraft.com/contact","Official website","false","unsupported","0","0","No supported dated event feed identified in bounded public-page inspection; manual follow-up needed.","2026-09-11T17:19:18.700Z"
"ktm-012","ROKPA Women's Workshop","https://www.rokpaww.org/workshop-home","Official website","false","unsupported","0","0","No supported dated event feed identified in bounded public-page inspection; manual follow-up needed.","2026-09-11T17:19:18.700Z"
"ktm-013","Royal Mountain Travel","https://royalmt.com.np/events-in-nepal/","Official website","true","parsed","8","0","Validated profile; see source audit and per-run coverage for dates, errors and review requirements.","2026-09-11T17:58:32.690Z"
"ktm-014","Thimi Ceramics","https://thimiceramics.com/our-heritage/","Official website","false","unsupported","0","0","No supported dated event feed identified in bounded public-page inspection; manual follow-up needed.","2026-09-11T17:19:18.700Z"
"ktm-015","DMI Nepal","https://dminepal.com/contact","Official website","false","unsupported","0","0","No supported dated event feed identified in bounded public-page inspection; manual follow-up needed.","2026-09-11T17:19:18.700Z"
"ktm-016","Event Manager Nepal","https://www.eventmanagernepal.com/","Official website","true","parsed","1","0","Validated profile; see source audit and per-run coverage for dates, errors and review requirements.","2026-09-11T17:58:32.690Z"
"ktm-017","Federation of Electrical Entrepreneurs of Nepal","https://electrotech.feen.org.np/","Official website","false","unsupported","0","0","No supported dated event feed identified in bounded public-page inspection; manual follow-up needed.","2026-09-11T17:19:18.700Z"
"ktm-018","Federation of Handicraft Associations of Nepal","https://fhan.org.np/images/fhan-21st.pdf","Organizer publication","false","reference-only","0","0","No supported dated event feed identified in bounded public-page inspection; manual follow-up needed.","2026-09-11T17:19:18.700Z"
"ktm-019","Floriculture Association Nepal","https://nepalfloraexpo.com.np/venue/","Official website","false","unsupported","0","0","No supported dated event feed identified in bounded public-page inspection; manual follow-up needed.","2026-09-11T17:19:18.700Z"
"ktm-020","Global Exposition / GEMS","https://globalexposition.com.np/","Official website","false","unsupported","0","0","No supported dated event feed identified in bounded public-page inspection; manual follow-up needed.","2026-09-11T17:19:18.700Z"
"ktm-021","Media Space Solutions","https://nepalpowerelec.com/","Official expo website","true","parsed","1","0","Validated profile; see source audit and per-run coverage for dates, errors and review requirements.","2026-09-11T17:58:32.690Z"
"ktm-022","NADA Automobiles Association of Nepal","https://nada.org.np/auto-show","Official website","true","parsed","1","0","Validated profile; see source audit and per-run coverage for dates, errors and review requirements.","2026-09-11T17:58:32.690Z"
"ktm-023","TEDxIslingtonCollege student organizers","https://tedx.islingtoncollege.edu.np/","Official event website","false","failed","0","0","HTTP 502: https://tedx.islingtoncollege.edu.np/","2026-09-11T17:19:18.700Z"
"ktm-024","Vihaani Events","https://www.vihaanievents.com/events","Official website","true","parsed","1","0","Validated profile; see source audit and per-run coverage for dates, errors and review requirements.","2026-09-11T17:58:32.690Z"
"ktm-025","Guthi Sansthan","https://guthisansthan.org.np/contact","Official website","false","unsupported","0","0","No supported dated event feed identified in bounded public-page inspection; manual follow-up needed.","2026-09-11T17:19:18.700Z"
"ktm-026","Martin Chautari","https://martinchautari.org.np/events","Official website","true","parsed","7","0","Validated profile; see source audit and per-run coverage for dates, errors and review requirements.","2026-09-11T17:58:32.690Z"
"ktm-027","Nepal Academy","https://en.wikipedia.org/wiki/Nepal_Academy","Reference article","false","reference-only","0","0","No supported dated event feed identified in bounded public-page inspection; manual follow-up needed.","2026-09-11T17:19:18.700Z"
"ktm-028","Pashupati Area Development Trust","https://www.pashupati.gov.np/","Official website","true","parsed","2","0","Validated profile; see source audit and per-run coverage for dates, errors and review requirements.","2026-09-11T17:58:32.690Z"
"ktm-029","Shree Boudhanath Area Development Committee","https://www.boudhanath.gov.np/en/","Official website","false","failed","0","0","fetch failed | fetch failed","2026-09-11T17:19:18.700Z"
"ktm-030","Brihaspati Toastmasters Club","https://www.toastmasters.org/Find-a-Club/07930376-kathmandu-nepal-pros-club","International club directory","false","reference-only","0","0","No supported dated event feed identified in bounded public-page inspection; manual follow-up needed.","2026-09-11T17:19:18.700Z"
"ktm-031","JCI Nepal","https://jcinepal.org.np/contact","Official website","false","unsupported","0","0","No supported dated event feed identified in bounded public-page inspection; manual follow-up needed.","2026-09-11T17:19:18.700Z"
"ktm-032","Kathmandu Toastmasters Club","https://www.toastmasters.org/Find-a-Club/00008112","International club directory","false","reference-only","0","0","No supported dated event feed identified in bounded public-page inspection; manual follow-up needed.","2026-09-11T17:19:18.700Z"
"ktm-033","Northmandu Toastmasters Club","https://www.toastmasters.org/Find-a-Club/7799463","International club directory","false","reference-only","0","0","No supported dated event feed identified in bounded public-page inspection; manual follow-up needed.","2026-09-11T17:19:18.700Z"
"ktm-034","Rotaract Club of Baneshwor Royal","https://rotaractbroyal.org.np/contact/","Official website","false","failed","0","0","HTTP 521: https://rotaractbroyal.org.np/contact/ | HTTP 521: https://rotaractbroyal.org.np/","2026-09-11T17:19:18.700Z"
"ktm-035","Rotaract Club of Kathmandu","https://rckathmandu.org.np/partner_in_service/rotaract-club-of-kathmandu/","Official website","false","partial","0","0","HTTP 404: https://rckathmandu.org.np/calendar/Rotary%20Bhawan,%20Thapathali%20target=","2026-09-11T17:19:18.700Z"
"ktm-036","Rotaract Club of Kathmandu Mid-Town","https://www.searicmdio.org/directory/rotaract-club-of-kathmandu-mid-town-","Club network directory","false","reference-only","0","0","No supported dated event feed identified in bounded public-page inspection; manual follow-up needed.","2026-09-11T17:19:18.700Z"
"ktm-037","Rotaract Club of Metro City","https://www.rotaractmetrocity.org/","Official website","false","unsupported","0","0","No supported dated event feed identified in bounded public-page inspection; manual follow-up needed.","2026-09-11T17:19:18.700Z"
"ktm-038","Rotary Club of Kasthamandap","https://rckasthamandap.org.np/meetings/","Official website","false","unsupported","0","0","No supported dated event feed identified in bounded public-page inspection; manual follow-up needed.","2026-09-11T17:19:18.700Z"
"ktm-039","Rotary Club of Kathmandu","https://rckathmandu.org.np/contact/","Official website","false","partial","0","0","HTTP 404: https://rckathmandu.org.np/calendar/Rotary%20Bhawan,%20Thapathali%20target=","2026-09-11T17:19:18.700Z"
"ktm-040","Sagarmatha Toastmasters Club","https://www.toastmasters.org/Find-a-Club/07993588-kathmandu-nepal-pros-club","International club directory","false","reference-only","0","0","No supported dated event feed identified in bounded public-page inspection; manual follow-up needed.","2026-09-11T17:19:18.700Z"
"ktm-041","Salsa Nepal","https://salsanepal.com/","Official website","true","empty","0","0","Validated profile; see source audit and per-run coverage for dates, errors and review requirements.","2026-09-11T17:58:32.690Z"
"ktm-042","The Dance Floor","https://www.thesalsaschool.com/","Official website","true","empty","0","0","Validated profile; see source audit and per-run coverage for dates, errors and review requirements.","2026-09-11T17:58:32.690Z"
"ktm-043","Y-Stand Dance School","https://www.ystanddance.com/","Official website","false","unsupported","0","0","No supported dated event feed identified in bounded public-page inspection; manual follow-up needed.","2026-09-11T17:19:18.700Z"
"ktm-044","Budhi Aama Organic Agro Tourism","https://budhiaama.com.np/","Official website","false","unsupported","0","0","No supported dated event feed identified in bounded public-page inspection; manual follow-up needed.","2026-09-11T17:19:18.700Z"
"ktm-045","Chumhim Agro Tourism","https://www.chumhimagro.com.np/contact","Official website","false","unsupported","0","0","No supported dated event feed identified in bounded public-page inspection; manual follow-up needed.","2026-09-11T17:19:18.700Z"
"ktm-046","Dirty Duck Outdoor & Farm","https://dirtyducknepal.com/","Official website","false","unsupported","0","0","No supported dated event feed identified in bounded public-page inspection; manual follow-up needed.","2026-09-11T17:19:18.700Z"
"ktm-047","Everest Coffee Mill","https://www.everestcoffeemill.com/contact","Official website","false","unsupported","0","0","No supported dated event feed identified in bounded public-page inspection; manual follow-up needed.","2026-09-11T17:19:18.700Z"
"ktm-048","HASERA Permaculture Learning Center","https://organichasera.org/permaculture-courses/","Official website","true","parsed","1","0","Validated profile; see source audit and per-run coverage for dates, errors and review requirements.","2026-09-11T17:58:32.690Z"
"ktm-049","Herb Nepal / Farm Stays Nepal","https://www.herbnepal.com/","Official website","false","unsupported","0","0","No supported dated event feed identified in bounded public-page inspection; manual follow-up needed.","2026-09-11T17:19:18.700Z"
"ktm-050","Sabal Farm","https://www.sabalfarm.com.np/p/contact-us.html","Official website","false","unsupported","0","0","No supported dated event feed identified in bounded public-page inspection; manual follow-up needed.","2026-09-11T17:19:18.700Z"
"ktm-051","KIMFF Foundation","https://kimff.org/contact-us/","Official website","false","unsupported","0","0","No supported dated event feed identified in bounded public-page inspection; manual follow-up needed.","2026-09-11T17:19:18.700Z"
"ktm-052","Nepal Film & Cultural Academy / NIFF","https://filmfreeway.com/niff2027","Festival submission platform","false","reference-only","0","0","No supported dated event feed identified in bounded public-page inspection; manual follow-up needed.","2026-09-11T17:19:18.700Z"
"ktm-053","Nepal Tourism Board auditorium","https://filmfreeway.com/niff2027","Festival submission platform","false","reference-only","0","0","No supported dated event feed identified in bounded public-page inspection; manual follow-up needed.","2026-09-11T17:19:18.700Z"
"ktm-054","QFX Cinemas - Chhaya Center","https://filmfreeway.com/niff2027","Festival submission platform","false","reference-only","0","0","No supported dated event feed identified in bounded public-page inspection; manual follow-up needed.","2026-09-11T17:19:18.700Z"
"ktm-055","QFX Cinemas - Civil Mall","https://filmfreeway.com/niff2027","Festival submission platform","false","reference-only","0","0","No supported dated event feed identified in bounded public-page inspection; manual follow-up needed.","2026-09-11T17:19:18.700Z"
"ktm-056","Arts Nepal","https://www.nepalyp.com/category/Art_galleries/2/city%3AKathmandu","Directory listing","false","reference-only","0","0","No supported dated event feed identified in bounded public-page inspection; manual follow-up needed.","2026-09-11T17:19:18.700Z"
"ktm-057","Artudio","https://artudio.net/artudio-contact/","Official website","false","partial","0","0","HTTP 500: https://artudio.net/project/current-exhibition/?customize_changeset_uuid=afc02ac6-1c40-43a3-922c-206cc260e401 | Page limit 15 reached; coverage is partial","2026-09-11T17:19:18.700Z"
"ktm-058","Bikalpa Art Foundation","https://bikalpaartfoundation.org/contact-us/","Official website","false","partial","0","0","Page limit 15 reached; coverage is partial","2026-09-11T17:19:18.700Z"
"ktm-059","Collection Art Gallery","https://www.nepalyp.com/category/Art_galleries/2/city%3AKathmandu","Directory listing","false","reference-only","0","0","No supported dated event feed identified in bounded public-page inspection; manual follow-up needed.","2026-09-11T17:19:18.700Z"
"ktm-060","Gajendra Art Gallery","https://www.nepalyp.com/category/Art_galleries/2/city%3AKathmandu","Directory listing","false","reference-only","0","0","No supported dated event feed identified in bounded public-page inspection; manual follow-up needed.","2026-09-11T17:19:18.700Z"
"ktm-061","Gallery MCube","https://artres.moc.gov.tw/en/database/globalContent/8aa8e6847853c80d0179644ed879312f","Arts institution directory","false","reference-only","0","0","No supported dated event feed identified in bounded public-page inspection; manual follow-up needed.","2026-09-11T17:19:18.700Z"
"ktm-062","J. Art Gallery Nepal","https://www.nepalyp.com/category/Art_galleries/2/city%3AKathmandu","Directory listing","false","reference-only","0","0","No supported dated event feed identified in bounded public-page inspection; manual follow-up needed.","2026-09-11T17:19:18.700Z"
"ktm-063","Kathmandu Art House","https://kathmanduarthouse.com/","Official website","false","unsupported","0","0","No supported dated event feed identified in bounded public-page inspection; manual follow-up needed.","2026-09-11T17:19:18.700Z"
"ktm-064","Light & Shade Art Gallery","https://www.nepalyp.com/category/Art_galleries/2/city%3AKathmandu","Directory listing","false","reference-only","0","0","No supported dated event feed identified in bounded public-page inspection; manual follow-up needed.","2026-09-11T17:19:18.700Z"
"ktm-065","Lotus Gallery","https://www.nepalyp.com/category/Art_galleries/2/city%3AKathmandu","Directory listing","false","reference-only","0","0","No supported dated event feed identified in bounded public-page inspection; manual follow-up needed.","2026-09-11T17:19:18.700Z"
"ktm-066","Nepal Academy of Fine Arts","https://en.wikipedia.org/wiki/Nepal_Academy_of_Fine_Arts","Reference article","false","reference-only","0","0","No supported dated event feed identified in bounded public-page inspection; manual follow-up needed.","2026-09-11T17:19:18.700Z"
"ktm-067","Nepal Art Council","https://www.nepalartcouncil.org.np/events/37th-solo-exhibition-lee-bo-suk/","Official event page","false","partial","0","0","HTTP 404: https://nepalartcouncil.org.np/events/37th-solo-exhibition-lee-bo-suk/","2026-09-11T17:19:18.700Z"
"ktm-068","Nepal Traditional Art Gallery","https://www.nepalyp.com/category/Art_galleries/2/city%3AKathmandu","Directory listing","false","reference-only","0","0","No supported dated event feed identified in bounded public-page inspection; manual follow-up needed.","2026-09-11T17:19:18.700Z"
"ktm-069","Patan Art Gallery","https://www.nepalyp.com/category/Art_galleries/3/city%3AKathmandu","Directory listing","false","reference-only","0","0","No supported dated event feed identified in bounded public-page inspection; manual follow-up needed.","2026-09-11T17:19:18.700Z"
"ktm-070","Pooja Contemporary Art Gallery","https://www.nepalyp.com/category/Art_galleries/3/city%3AKathmandu","Directory listing","false","reference-only","0","0","No supported dated event feed identified in bounded public-page inspection; manual follow-up needed.","2026-09-11T17:19:18.700Z"
"ktm-071","Rengey Art Gallery","https://www.nepalyp.com/category/Art_galleries/3/city%3AKathmandu","Directory listing","false","reference-only","0","0","No supported dated event feed identified in bounded public-page inspection; manual follow-up needed.","2026-09-11T17:19:18.700Z"
"ktm-072","Sashi's Studio","https://www.nepalyp.com/category/Art_galleries/3/city%3AKathmandu","Directory listing","false","reference-only","0","0","No supported dated event feed identified in bounded public-page inspection; manual follow-up needed.","2026-09-11T17:19:18.700Z"
"ktm-073","Siddhartha Art Gallery","https://www.siddharthaartgallery.com/","Official website","true","parsed","13","2","Validated profile; see source audit and per-run coverage for dates, errors and review requirements.","2026-09-11T17:58:32.690Z"
"ktm-074","Sirjana Contemporary Art Gallery","https://www.nepalyp.com/category/Art_galleries/3/city%3AKathmandu","Directory listing","false","reference-only","0","0","No supported dated event feed identified in bounded public-page inspection; manual follow-up needed.","2026-09-11T17:19:18.700Z"
"ktm-075","Takpa Gallery","https://takpagallery.com/","Official website","true","parsed","1","0","Validated profile; see source audit and per-run coverage for dates, errors and review requirements.","2026-09-11T17:58:32.690Z"
"ktm-076","Taragaon Next","https://taragaonnext.com/visit-us/","Official website","false","existing-scraper","0","0","Covered by existing Taragaon importer.","2026-09-11T17:19:18.700Z"
"ktm-077","Bungamati Community Homestay","https://communityhomestay.com/blog/community-homestays-near-kathmandu","Network website","false","reference-only","0","0","No supported dated event feed identified in bounded public-page inspection; manual follow-up needed.","2026-09-11T17:19:18.700Z"
"ktm-078","Community Homestay Network","https://communityhomestay.com/","Official website","false","unsupported","0","0","No supported dated event feed identified in bounded public-page inspection; manual follow-up needed.","2026-09-11T17:19:18.700Z"
"ktm-079","Kirtipur Community Homestay","https://communityhomestay.com/blog/community-homestays-near-kathmandu","Network website","false","reference-only","0","0","No supported dated event feed identified in bounded public-page inspection; manual follow-up needed.","2026-09-11T17:19:18.700Z"
"ktm-080","Nagarkot Community Homestay","https://communityhomestay.com/blog/community-homestays-near-kathmandu","Network website","false","reference-only","0","0","No supported dated event feed identified in bounded public-page inspection; manual follow-up needed.","2026-09-11T17:19:18.700Z"
"ktm-081","Panauti Community Homestay","https://communityhomestay.com/blog/community-homestays-near-kathmandu","Network website","false","reference-only","0","0","No supported dated event feed identified in bounded public-page inspection; manual follow-up needed.","2026-09-11T17:19:18.700Z"
"ktm-082","Patan Community Homestay","https://communityhomestay.com/blog/community-homestays-near-kathmandu","Network website","false","reference-only","0","0","No supported dated event feed identified in bounded public-page inspection; manual follow-up needed.","2026-09-11T17:19:18.700Z"
"ktm-083","Patlekhet Community Homestay","https://communityhomestay.com/blog/community-homestays-near-kathmandu","Network website","false","reference-only","0","0","No supported dated event feed identified in bounded public-page inspection; manual follow-up needed.","2026-09-11T17:19:18.700Z"
"ktm-084","Hotel Yak & Yeti / Lal Durbar Convention Center","https://www.yakandyeti.com/conference-events","Official website","false","unsupported","0","0","No supported dated event feed identified in bounded public-page inspection; manual follow-up needed.","2026-09-11T17:19:18.700Z"
"ktm-085","Radisson Hotel Kathmandu","https://www.radissonhotels.com/en-us/hotels/radisson-kathmandu/meeting-events","Official website","false","failed","0","0","HTTP 403: https://www.radissonhotels.com/en-us/hotels/radisson-kathmandu/meeting-events | HTTP 403: https://www.radissonhotels.com/en-us/","2026-09-11T17:19:18.700Z"
"ktm-086","The Soaltee Kathmandu","https://www.marriott.com/en-us/hotels/ktmsk-the-soaltee-kathmandu-autograph-collection/events/","Official website","false","partial","0","0","HTTP 403: https://www.marriott.com/default.mi | HTTP 403: https://www.marriott.com/default.mi | Page limit 15 reached; coverage is partial","2026-09-11T17:19:18.700Z"
"ktm-087","Basantapur / Kathmandu Durbar Square","https://kathmandupost.com/visual-stories/2025/01/14/maghi-visual-stories","Reporting (2025)","false","reference-only","0","0","No supported dated event feed identified in bounded public-page inspection; manual follow-up needed.","2026-09-11T17:19:18.700Z"
"ktm-088","Bhrikutimandap Exhibition Hall","https://ypnepal.com/listing/7423","Directory listing","false","reference-only","0","0","No supported dated event feed identified in bounded public-page inspection; manual follow-up needed.","2026-09-11T17:19:18.700Z"
"ktm-089","Dasharath Stadium covered hall","https://badmintonasia.org/wp-content/uploads/2024/03/Nepal-JIS-2024-Prospectus-Updated-20th-Nov.pdf","Tournament prospectus (2024)","false","reference-only","0","0","No supported dated event feed identified in bounded public-page inspection; manual follow-up needed.","2026-09-11T17:19:18.700Z"
"ktm-090","Tundikhel","https://kathmandupost.com/visual-stories/2025/01/14/maghi-visual-stories","Reporting (2025)","false","reference-only","0","0","No supported dated event feed identified in bounded public-page inspection; manual follow-up needed.","2026-09-11T17:19:18.700Z"
"ktm-091","Bhanimandal Haat Bazaar","https://kathmandupost.com/art-culture/2022/12/23/five-pop-up-markets-to-visit-in-the-valley","Historical reporting (2022)","false","reference-only","0","0","No supported dated event feed identified in bounded public-page inspection; manual follow-up needed.","2026-09-11T17:19:18.700Z"
"ktm-092","Boudha Farmers Market / Utpala Cafe","https://kathmandupost.com/art-culture/2022/12/23/five-pop-up-markets-to-visit-in-the-valley","Historical reporting (2022)","false","reference-only","0","0","No supported dated event feed identified in bounded public-page inspection; manual follow-up needed.","2026-09-11T17:19:18.700Z"
"ktm-093","Labim Bazaar / LABIM Mall","https://kathmandupost.com/art-culture/2022/12/23/five-pop-up-markets-to-visit-in-the-valley","Historical reporting (2022)","false","reference-only","0","0","No supported dated event feed identified in bounded public-page inspection; manual follow-up needed.","2026-09-11T17:19:18.700Z"
"ktm-094","Le Sherpa Farmers Market","https://kathmandupost.com/art-culture/2022/12/23/five-pop-up-markets-to-visit-in-the-valley","Historical reporting (2022)","false","reference-only","0","0","No supported dated event feed identified in bounded public-page inspection; manual follow-up needed.","2026-09-11T17:19:18.700Z"
"ktm-095","Yellow House Farmers Market","https://kathmandupost.com/art-culture/2022/12/23/five-pop-up-markets-to-visit-in-the-valley","Historical reporting (2022)","false","reference-only","0","0","No supported dated event feed identified in bounded public-page inspection; manual follow-up needed.","2026-09-11T17:19:18.700Z"
"ktm-096","Jazzmandu / Upstairs Ideas","https://jazzmandu.org/about-us","Official website","false","unsupported","0","0","No supported dated event feed identified in bounded public-page inspection; manual follow-up needed.","2026-09-11T17:19:18.700Z"
"ktm-097","Metal for Nepal","https://www.metalfornepal.org/team","Official website","false","unsupported","0","0","No supported dated event feed identified in bounded public-page inspection; manual follow-up needed.","2026-09-11T17:19:18.700Z"
"ktm-098","Nepco Entertainment","https://nepcoentertainment.com/about-us/","Official website","false","partial","0","0","Page limit 15 reached; coverage is partial","2026-09-11T17:19:18.700Z"
"ktm-099","Silence Festival team","https://www.metalfornepal.org/trustees","Official website","false","unsupported","0","0","No supported dated event feed identified in bounded public-page inspection; manual follow-up needed.","2026-09-11T17:19:18.700Z"
"ktm-100","Attic","https://wanderlog.com/list/geoCategory/813635/live-music-venues","Directory listing","false","reference-only","0","0","No supported dated event feed identified in bounded public-page inspection; manual follow-up needed.","2026-09-11T17:19:18.700Z"
"ktm-101","Cafe Deja Vu","https://wanderlog.com/list/geoCategory/813635/live-music-venues","Directory listing","false","reference-only","0","0","No supported dated event feed identified in bounded public-page inspection; manual follow-up needed.","2026-09-11T17:19:18.700Z"
"ktm-102","Club Nova","https://theclubnova.com/live-music-in-thamel/","Official website","false","unsupported","0","0","No supported dated event feed identified in bounded public-page inspection; manual follow-up needed.","2026-09-11T17:19:18.700Z"
"ktm-103","Eden Sanepa","https://katajaam.com/blog/best-live-music-venues-kathmandu","Event listing","false","reference-only","0","0","No supported dated event feed identified in bounded public-page inspection; manual follow-up needed.","2026-09-11T17:19:18.700Z"
"ktm-104","Electric Pagoda Bar & Cafe","https://wanderlog.com/list/geoCategory/813635/live-music-venues","Directory listing","false","reference-only","0","0","No supported dated event feed identified in bounded public-page inspection; manual follow-up needed.","2026-09-11T17:19:18.700Z"
"ktm-105","Fire Club","https://wanderlog.com/list/geoCategory/813635/live-music-venues","Directory listing","false","reference-only","0","0","No supported dated event feed identified in bounded public-page inspection; manual follow-up needed.","2026-09-11T17:19:18.700Z"
"ktm-106","Hard Rock Cafe Kathmandu","https://wanderlog.com/list/geoCategory/813635/live-music-venues","Directory listing","false","reference-only","0","0","No supported dated event feed identified in bounded public-page inspection; manual follow-up needed.","2026-09-11T17:19:18.700Z"
"ktm-107","Ibyza Lounge & Disco","https://wanderlog.com/list/geoCategory/813635/live-music-venues","Directory listing","false","reference-only","0","0","No supported dated event feed identified in bounded public-page inspection; manual follow-up needed.","2026-09-11T17:19:18.700Z"
"ktm-108","Jazz Upstairs","https://wanderlog.com/list/geoCategory/813635/live-music-venues","Directory listing","false","reference-only","0","0","No supported dated event feed identified in bounded public-page inspection; manual follow-up needed.","2026-09-11T17:19:18.700Z"
"ktm-109","Karma Bar & Club","https://wanderlog.com/list/geoCategory/813635/live-music-venues","Directory listing","false","reference-only","0","0","No supported dated event feed identified in bounded public-page inspection; manual follow-up needed.","2026-09-11T17:19:18.700Z"
"ktm-110","LOD - Lord of the Drinks","https://wanderlog.com/list/geoCategory/813635/live-music-venues","Directory listing","false","reference-only","0","0","No supported dated event feed identified in bounded public-page inspection; manual follow-up needed.","2026-09-11T17:19:18.700Z"
"ktm-111","Moksh","https://katajaam.com/blog/best-live-music-venues-kathmandu","Event listing","false","reference-only","0","0","No supported dated event feed identified in bounded public-page inspection; manual follow-up needed.","2026-09-11T17:19:18.700Z"
"ktm-112","Purple Haze Rock Bar","https://wanderlog.com/list/geoCategory/813635/live-music-venues","Directory listing","false","reference-only","0","0","No supported dated event feed identified in bounded public-page inspection; manual follow-up needed.","2026-09-11T17:19:18.700Z"
"ktm-113","REEF Restaurant & Lounge Bar","https://wanderlog.com/list/geoCategory/813635/live-music-venues","Directory listing","false","reference-only","0","0","No supported dated event feed identified in bounded public-page inspection; manual follow-up needed.","2026-09-11T17:19:18.700Z"
"ktm-114","Reggae Bar","https://wanderlog.com/list/geoCategory/813635/live-music-venues","Directory listing","false","reference-only","0","0","No supported dated event feed identified in bounded public-page inspection; manual follow-up needed.","2026-09-11T17:19:18.700Z"
"ktm-115","Senate Club","https://wanderlog.com/list/geoCategory/813635/live-music-venues","Directory listing","false","reference-only","0","0","No supported dated event feed identified in bounded public-page inspection; manual follow-up needed.","2026-09-11T17:19:18.700Z"
"ktm-116","Shisha Lounge and Bar","https://wanderlog.com/list/geoCategory/813635/live-music-venues","Directory listing","false","reference-only","0","0","No supported dated event feed identified in bounded public-page inspection; manual follow-up needed.","2026-09-11T17:19:18.700Z"
"ktm-117","Tamarind Restaurant","https://wanderlog.com/list/geoCategory/813635/live-music-venues","Directory listing","false","reference-only","0","0","No supported dated event feed identified in bounded public-page inspection; manual follow-up needed.","2026-09-11T17:19:18.700Z"
"ktm-118","The Ai-la Lounge","https://wanderlog.com/list/geoCategory/813635/live-music-venues","Directory listing","false","reference-only","0","0","No supported dated event feed identified in bounded public-page inspection; manual follow-up needed.","2026-09-11T17:19:18.700Z"
"ktm-119","The Victory Lounge","https://wanderlog.com/list/geoCategory/813635/live-music-venues","Directory listing","false","reference-only","0","0","No supported dated event feed identified in bounded public-page inspection; manual follow-up needed.","2026-09-11T17:19:18.700Z"
"ktm-120","Trisara","https://wanderlog.com/list/geoCategory/813635/live-music-venues","Directory listing","false","reference-only","0","0","No supported dated event feed identified in bounded public-page inspection; manual follow-up needed.","2026-09-11T17:19:18.700Z"
"ktm-121","Comedy Cafe","https://surajkhadgi.com.np/","Official website","false","partial","0","0","Invalid JSON-LD at https://surajkhadgi.com.np/nepal-entertainment-platforms-creative-shows/: Unexpected non-whitespace character after JSON at position 356 (line 13 column 2)","2026-09-11T17:19:18.700Z"
"ktm-122","Comedy Circle","https://english.onlinekhabar.com/comedy-circle-bringing-stand-up-comedy-to-kathmandu.html","Historical reporting (2018)","false","reference-only","0","0","No supported dated event feed identified in bounded public-page inspection; manual follow-up needed.","2026-09-11T17:19:18.700Z"
"ktm-123","Word Warriors / Quixote's Cove","https://qcbookshop.com/program/word-warriors-spoken-word-poetry-group","Official website","false","partial","0","0","Page limit 15 reached; coverage is partial","2026-09-11T17:19:18.700Z"
"ktm-124","Bhangeri Durbar Resort","https://bhangeridurbar.com/contact-us/","Official website","false","unsupported","0","0","No supported dated event feed identified in bounded public-page inspection; manual follow-up needed.","2026-09-11T17:19:18.700Z"
"ktm-125","Chandragiri Hills Resort","https://www.chandragirihillsresort.com/en/contact","Official website","false","unsupported","0","0","No supported dated event feed identified in bounded public-page inspection; manual follow-up needed.","2026-09-11T17:19:18.700Z"
"ktm-126","Dhulikhel Lodge Resort","https://dhulikhellodgeresort.com/contact","Official website","false","unsupported","0","0","No supported dated event feed identified in bounded public-page inspection; manual follow-up needed.","2026-09-11T17:19:18.700Z"
"ktm-127","Dwarika's Resort Dhulikhel","https://dwarikas-dhulikhel.com/contact_us.php","Official website","false","failed","0","0","HTTP 403: https://dwarikas-dhulikhel.com/contact_us.php | HTTP 403: https://dwarikas-dhulikhel.com/","2026-09-11T17:19:18.700Z"
"ktm-128","Godavari Village Resort","https://www.godavarivillageresort.com/?page_id=321","Official website","false","failed","0","0","fetch failed | fetch failed","2026-09-11T17:19:18.700Z"
"ktm-129","Gokarna Forest Resort","https://gokarna.com/event-inquiry/","Official website","false","unsupported","0","0","No supported dated event feed identified in bounded public-page inspection; manual follow-up needed.","2026-09-11T17:19:18.700Z"
"ktm-130","Haatiban Himalayan Height Resort","https://haativanresort.com/","Official website","false","unsupported","0","0","No supported dated event feed identified in bounded public-page inspection; manual follow-up needed.","2026-09-11T17:19:18.700Z"
"ktm-131","Hotel Sarathi","https://www.sarathihotel.com/contact-us","Official website","false","unsupported","0","0","No supported dated event feed identified in bounded public-page inspection; manual follow-up needed.","2026-09-11T17:19:18.700Z"
"ktm-132","Ratnagiri Resort","https://www.ratnagiriresortnagarkot.com/","Official website","false","unsupported","0","0","No supported dated event feed identified in bounded public-page inspection; manual follow-up needed.","2026-09-11T17:19:18.700Z"
"ktm-133","Sky Garden Resort","https://skygardenresort.com/","Official website","false","unsupported","0","0","No supported dated event feed identified in bounded public-page inspection; manual follow-up needed.","2026-09-11T17:19:18.700Z"
"ktm-134","Nepal Badminton Association","https://badmintonasia.org/wp-content/uploads/2024/03/Nepal-JIS-2024-Prospectus-Updated-20th-Nov.pdf","Tournament prospectus (2024)","false","reference-only","0","0","No supported dated event feed identified in bounded public-page inspection; manual follow-up needed.","2026-09-11T17:19:18.700Z"
"ktm-135","Aarohan Gurukul","https://english.onlinekhabar.com/theatres-in-kathmandu-to-explore.html","Historical reporting (2023)","false","reference-only","0","0","No supported dated event feed identified in bounded public-page inspection; manual follow-up needed.","2026-09-11T17:19:18.700Z"
"ktm-136","Actors' Studio","https://english.onlinekhabar.com/theatres-in-kathmandu-to-explore.html","Historical reporting (2023)","false","reference-only","0","0","No supported dated event feed identified in bounded public-page inspection; manual follow-up needed.","2026-09-11T17:19:18.700Z"
"ktm-137","Kausi Theatre / Kathaghera","https://english.onlinekhabar.com/theatres-in-kathmandu-to-explore.html","Historical reporting (2023)","false","reference-only","0","0","No supported dated event feed identified in bounded public-page inspection; manual follow-up needed.","2026-09-11T17:19:18.700Z"
"ktm-138","Kunja Natak Ghar","https://english.onlinekhabar.com/theatres-in-kathmandu-to-explore.html","Historical reporting (2023)","false","reference-only","0","0","No supported dated event feed identified in bounded public-page inspection; manual follow-up needed.","2026-09-11T17:19:18.700Z"
"ktm-139","Mandala Theatre Nepal","https://bookings.mandalatheatre.com/view-drama/grand-rehearsal","Official event page","true","parsed","0","1","Validated profile; see source audit and per-run coverage for dates, errors and review requirements.","2026-09-11T17:58:32.690Z"
"ktm-140","One World Theatre","https://www.owtnepal.org/","Official website","false","unsupported","0","0","No supported dated event feed identified in bounded public-page inspection; manual follow-up needed.","2026-09-11T17:19:18.700Z"
"ktm-141","Purano Ghar","https://english.onlinekhabar.com/theatres-in-kathmandu-to-explore.html","Historical reporting (2023)","false","reference-only","0","0","No supported dated event feed identified in bounded public-page inspection; manual follow-up needed.","2026-09-11T17:19:18.700Z"
"ktm-142","Sarwanam Theatre","https://english.onlinekhabar.com/theatres-in-kathmandu-to-explore.html","Historical reporting (2023)","false","reference-only","0","0","No supported dated event feed identified in bounded public-page inspection; manual follow-up needed.","2026-09-11T17:19:18.700Z"
"ktm-143","Shailee Theatre","https://english.onlinekhabar.com/theatres-in-kathmandu-to-explore.html","Historical reporting (2023)","false","reference-only","0","0","No supported dated event feed identified in bounded public-page inspection; manual follow-up needed.","2026-09-11T17:19:18.700Z"
"ktm-144","Shilpee Theatre","https://english.onlinekhabar.com/theatres-in-kathmandu-to-explore.html","Historical reporting (2023)","false","reference-only","0","0","No supported dated event feed identified in bounded public-page inspection; manual follow-up needed.","2026-09-11T17:19:18.700Z"
"ktm-145","Theatre Mall","https://english.onlinekhabar.com/theatres-in-kathmandu-to-explore.html","Historical reporting (2023)","false","reference-only","0","0","No supported dated event feed identified in bounded public-page inspection; manual follow-up needed.","2026-09-11T17:19:18.700Z"
"ktm-146","Chandragiri Hills","https://www.chandragirihills.com/contact/","Official website","false","unsupported","0","0","No supported dated event feed identified in bounded public-page inspection; manual follow-up needed.","2026-09-11T17:19:18.700Z"
"ktm-147","Everest Bodhi Adventures","https://everestbodhiadventures.com/contact/","Official website","false","unsupported","0","0","No supported dated event feed identified in bounded public-page inspection; manual follow-up needed.","2026-09-11T17:19:18.700Z"
"ktm-148","Himalayan Social Journey","https://hsj.com.np/tourtype/daytours","Official website","false","unsupported","0","0","No supported dated event feed identified in bounded public-page inspection; manual follow-up needed.","2026-09-11T17:19:18.700Z"
"ktm-149","Kathmandu Adventure Treks","https://kathmanduadventure.com/contact-us/","Official website","false","unsupported","0","0","No supported dated event feed identified in bounded public-page inspection; manual follow-up needed.","2026-09-11T17:19:18.700Z"
"ktm-150","Kathmandu Adventures Travel & Tours","https://www.kathmanduadventures.com/tour/walking-tour-kathmandu-cooking-lesson/","Official website","false","failed","0","0","fetch failed | fetch failed","2026-09-11T17:19:18.700Z"
"ktm-151","Kathmandu Sport Climbing Center","https://www.kscc.com.np/contact-us/","Official website","false","unsupported","0","0","No supported dated event feed identified in bounded public-page inspection; manual follow-up needed.","2026-09-11T17:19:18.700Z"
"ktm-152","Nepal Experienced Adventure Treks","https://www.neatadventure.com/","Official website","false","unsupported","0","0","No supported dated event feed identified in bounded public-page inspection; manual follow-up needed.","2026-09-11T17:19:18.700Z"
"ktm-153","SASANE Sisterhood Trekking & Travel","https://www.sequa.de/fileadmin/user_upload/03_Projekttypen/Importfoerderung/240305_IPD_tourism_partners_at_ITB_2024__002_.pdf","Tourism partner publication (2024)","false","reference-only","0","0","No supported dated event feed identified in bounded public-page inspection; manual follow-up needed.","2026-09-11T17:19:18.700Z"
"ktm-154","Trailmandu Nepal","https://www.race.trailmandu.com/","Official website","true","parsed","9","0","Validated profile; see source audit and per-run coverage for dates, errors and review requirements.","2026-09-11T17:58:32.690Z"
"ktm-155","Unique Adventure International","https://keepnepal.org/member/unique-adventure-international-p-ltd","Tourism association directory","false","reference-only","0","0","No supported dated event feed identified in bounded public-page inspection; manual follow-up needed.","2026-09-11T17:19:18.700Z"
"ktm-156","Happy Club","https://happyclub.com.np/shows/","Official website","true","parsed","83","0","Validated profile; see source audit and per-run coverage for dates, errors and review requirements.","2026-09-11T17:58:32.690Z"
"ktm-157","Beers N' Cheers","https://wanderlog.com/place/details/3065284","Venue directory","false","reference-only","0","0","No supported dated event feed identified in bounded public-page inspection; manual follow-up needed.","2026-09-11T17:19:18.700Z"
"ktm-158","Backyard Brew","https://www.reddit.com/r/Nepal/comments/1b9yyvh","Historical community report","false","reference-only","0","0","No supported dated event feed identified in bounded public-page inspection; manual follow-up needed.","2026-09-11T17:19:18.700Z"
"ktm-159","Jyapu Aila","https://www.reddit.com/r/Nepal/comments/1b9yyvh","Historical community report","false","reference-only","0","0","No supported dated event feed identified in bounded public-page inspection; manual follow-up needed.","2026-09-11T17:19:18.700Z"
"ktm-160","Paleti / Nepalaya","https://paleti.com.np/","Official website","true","parsed","1","0","Validated profile; see source audit and per-run coverage for dates, errors and review requirements.","2026-09-11T17:58:32.690Z"
"ktm-161","Kathmandu Jazz Conservatory","https://katjazz.com.np/","Official website","false","unsupported","0","0","No supported dated event feed identified in bounded public-page inspection; manual follow-up needed.","2026-09-11T17:19:18.700Z"
"ktm-162","Octave Beer Garden","https://octavekathmandu.com/","Official website","false","unsupported","0","0","No supported dated event feed identified in bounded public-page inspection; manual follow-up needed.","2026-09-11T17:19:18.700Z"
"ktm-163","Bricks Cafe","https://www.brickscafe.com.np/contact","Official website","false","unsupported","0","0","No supported dated event feed identified in bounded public-page inspection; manual follow-up needed.","2026-09-11T17:19:18.700Z"
"ktm-164","Musicology","https://www.tripadvisor.com/Restaurant_Review-g315764-d16831237-Reviews-Musicology-Patan_Lalitpur_Kathmandu_Valley_Bagmati_Zone_Central_Region.html","Venue directory","false","reference-only","0","0","No supported dated event feed identified in bounded public-page inspection; manual follow-up needed.","2026-09-11T17:19:18.700Z"
"ktm-165","KathaSatha","https://www.kathasatha.org/events","Official website","true","parsed","3","0","Validated profile; see source audit and per-run coverage for dates, errors and review requirements.","2026-09-11T17:58:32.690Z"
"ktm-166","Kathalaya Inc.","https://kathalaya.com.np/activities/book-release","Official website","false","unsupported","0","0","No supported dated event feed identified in bounded public-page inspection; manual follow-up needed.","2026-09-11T17:19:18.700Z"
"ktm-167","Social Science Baha","https://soscbaha.org/contact/","Official website","false","failed","0","0","HTTP 403: https://soscbaha.org/contact/ | HTTP 403: https://soscbaha.org/","2026-09-11T17:19:18.700Z"
"ktm-168","National Press Club Nepal","https://nationalpressclubnepal.com/contact","Official website","false","unsupported","0","0","No supported dated event feed identified in bounded public-page inspection; manual follow-up needed.","2026-09-11T17:19:18.700Z"
"ktm-169","Kopan Monastery","https://kopanmonastery.org/","Official website","true","parsed","2","0","Validated profile; see source audit and per-run coverage for dates, errors and review requirements.","2026-09-11T17:58:32.690Z"
"ktm-170","Art of Living Nepal","https://www.artofliving.org/np-en/course-details-sudarshan-kriya","Official website","true","parsed","1","0","Validated profile; see source audit and per-run coverage for dates, errors and review requirements.","2026-09-11T17:58:32.690Z"
"ktm-171","Bhaktapur Municipality","https://bhaktapurmun.gov.np/en","Official website","false","failed","0","0","fetch failed | fetch failed","2026-09-11T17:19:18.700Z"
"ktm-172","Lalitpur Metropolitan City","https://lmc.gov.np/en/contact/","Official website","false","partial","0","0","fetch failed","2026-09-11T17:19:18.700Z"
"ktm-173","Kathmandu Metropolitan City - festival referrals","https://kathmandu.gov.np/en/festivals/019e63f6-a758-79ee-947e-665dd6eedcb2","Official website","false","partial","0","0","fetch failed","2026-09-11T17:19:18.700Z"
"ktm-174","Nepali Congress central office","https://nepalicongress.org/contact/","Official website","false","unsupported","0","0","No supported dated event feed identified in bounded public-page inspection; manual follow-up needed.","2026-09-11T17:19:18.700Z"
"ktm-175","CPN UML publicity department","https://bhojpur.cpnuml.org/departments/37","Official website","false","unsupported","0","0","No supported dated event feed identified in bounded public-page inspection; manual follow-up needed.","2026-09-11T17:19:18.700Z"
"ktm-176","Srijanalaya","https://srijanalaya.org/open-call/","Official website","false","unsupported","0","0","No supported dated event feed identified in bounded public-page inspection; manual follow-up needed.","2026-09-11T17:19:18.700Z"
"ktm-177","Karkhana Asia","https://karkhana.asia/faqs-2/","Official website","false","unsupported","0","0","No supported dated event feed identified in bounded public-page inspection; manual follow-up needed.","2026-09-11T17:19:18.700Z"
"ktm-178","Rotary Club of Patan","https://rotaryclubpatan.org.np/contact-social-media/","Official website","false","unsupported","0","0","No supported dated event feed identified in bounded public-page inspection; manual follow-up needed.","2026-09-11T17:19:18.700Z"
"ktm-179","Aesthetic Dance Studio","https://kathmandupost.com/arts/2023/03/22/want-to-learn-classical-dance","News feature (2023)","false","reference-only","0","0","No supported dated event feed identified in bounded public-page inspection; manual follow-up needed.","2026-09-11T17:19:18.700Z"
"ktm-180","Sadhana Kala Kendra","https://kathmandupost.com/arts/2023/03/22/want-to-learn-classical-dance","News feature (2023)","false","reference-only","0","0","No supported dated event feed identified in bounded public-page inspection; manual follow-up needed.","2026-09-11T17:19:18.700Z"
"ktm-181","Nepa Dance Academy","https://kathmandupost.com/arts/2023/03/22/want-to-learn-classical-dance","News feature (2023)","false","reference-only","0","0","No supported dated event feed identified in bounded public-page inspection; manual follow-up needed.","2026-09-11T17:19:18.700Z"
"ktm-182","Sushila Arts Academy","https://kathmandupost.com/arts/2023/03/22/want-to-learn-classical-dance","News feature (2023)","false","reference-only","0","0","No supported dated event feed identified in bounded public-page inspection; manual follow-up needed.","2026-09-11T17:19:18.700Z"
"ktm-183","Nritya Aagan","https://kathmandupost.com/arts/2023/03/22/want-to-learn-classical-dance","News feature (2023)","false","reference-only","0","0","No supported dated event feed identified in bounded public-page inspection; manual follow-up needed.","2026-09-11T17:19:18.700Z"
